Brand,TYPE,Stock
Dell,Dell 07KRV,Inquire for availability
Dell,Dell 1F22N,on US stock
Dell,Dell 1V1XF,on US stock
Dell,Dell 266J9,on US stock
Dell,Dell 293F1,on US stock
Dell,Dell 33YDH,on US stock
Dell,Dell 3DDDG,on US stock
Dell,Dell 3HWPP,on US stock
Dell,Dell 3RNFD,on US stock
Dell,Dell 3VV58,on US stock
Dell,Dell 4GVGH,on US stock
Dell,Dell 4GVMP,on US stock
Dell,Dell 4WN0Y,on US stock
Dell,Dell 4XKN5,on US stock
Dell,Dell 52TWH,on US stock
Dell,Dell 5R9DD,on US stock
Dell,Dell 5TF10,on US stock
Dell,Dell 67U,on US stock
Dell,Dell 69KF2,on US stock
Dell,Dell 6GTPY,on US stock
Dell,Dell 6MT4T,on US stock
Dell,Dell 722KK,on US stock
Dell,Dell 78U,on US stock
Dell,Dell 7FMXV,on US stock
Dell,Dell 90V7W,on US stock
Dell,Dell 94R,on US stock
Dell,Dell 9JM71,on US stock
Dell,Dell 9NJM1,on US stock
Dell,Dell C7M,on US stock
Dell,Dell C8K,on US stock
Dell,Dell DR02P,on US stock
Dell,Dell DT9XG,on US stock
Dell,Dell DXGH8,on US stock
Dell,Dell E7M,on US stock
Dell,Dell F3YGT,on US stock
Dell,Dell F62G0,on US stock
Dell,Dell 58Wh FK0VR,Inquire for availability
Dell,Dell G91J0,on US stock
Dell,Dell GHJC5,on US stock
Dell,Dell GJKNX,on US stock
Dell,Dell 64Wh GRT01,on US stock
Dell,Dell H5CKD,on US stock
Dell,Dell 68Wh H5H20,on US stock
Dell,Dell J60J5,on US stock
Dell,Dell JHT2H,on US stock
Dell,Dell JK6Y6,on US stock
Dell,Dell JPFMR,on US stock
Dell,Dell K5XWW,on US stock
Dell,Dell M5Y0X,on US stock
Dell,Dell M5Y1K,on US stock
Dell,Dell MFKVP,on US stock
Dell,Dell MV07R,on US stock
Dell,Dell MXV9V,on US stock
Dell,Dell NF2MW,on US stock
Dell,Dell NYFJH,on US stock
Dell,Dell P71,on US stock
Dell,Dell PF3,on US stock
Dell,Dell PH1,on US stock
Dell,Dell PKWVM,on US stock
Dell,Dell PW23Y,on US stock
Dell,Dell 54Wh R73TC,Inquire for availability
Dell,Dell RCVVT,on US stock
Dell,Dell RJ40G,on US stock
Dell,Dell T0TRM,on US stock
Dell,Dell TVKGH,on US stock
Dell,Dell U94R,on US stock
Dell,Dell V6W33,on US stock
Dell,Dell WDX0R,Inquire for availability
Dell,Dell WY9DX,on US stock
Dell,Dell X8VWF,on US stock
Dell,Dell XG4K6,on US stock
Dell,Dell XVJNP,Inquire for availability
Dell,Dell YRDD6,on US stock
Dell,Dell 52Wh 7V69Y,Inquire for availability
HP,HP 8530W,on US stock
HP,HP AA06XL,on US stock
HP,HP 96Wh AI06XL,on US stock
HP,HP AM06XL,on US stock
HP,HP BG06XL,on US stock
HP,HP 72.9Wh BN06XL,on US stock
HP,HP DG06XL,on US stock
HP,HP DN04XL,on US stock
HP,HP DO02XL,Inquire for availability
HP,HP 41.9Wh GB02XL,on US stock
HP,HP 41.9Wh GM02XL,Inquire for availability
HP,HP KC04XL,on US stock
HP,HP KL06XL,on US stock
HP,HP LE03XL,on US stock
HP,HP LK03XL,on US stock
HP,HP MB04XL,on US stock
HP,HP NP03XL,on US stock
HP,HP PP03XL,on US stock
HP,HP RH03XL,on US stock
HP,HP SA04XL,on US stock
HP,HP SD06XL,on US stock
HP,HP SO04XL,on US stock
HP,HP SP04XL,on US stock
HP,HP 52.5Wh SS03XL,on US stock
HP,HP TI04XL,on US stock
HP,HP VV09XL,on US stock
HP,HP VX04XL,on US stock
HP,HP WF04XL,on US stock
HP,HP WK06XL,on US stock
HP,HP WP03XL,on US stock
HP,HP WS04XL,on US stock
HP,HP YB06XL,on US stock
Lenovo,Lenovo 45N1153,on US stock
Lenovo,Lenovo L14S4P22,on US stock
Lenovo,Lenovo L16L2PB2,on US stock
Lenovo,Lenovo L17C4P72,on US stock
Lenovo,Lenovo 51Wh L18L3P73,on US stock
Lenovo,Lenovo L19M3PD3,on US stock
Lenovo,Lenovo 55Wh L21B4P71,Inquire for availability
Lenovo,Lenovo L22X3PG0,on US stock
Lenovo,Lenovo 81Wh L23B2PK0,on US stock
Lenovo,Lenovo L23M2PK0,on US stock
Lenovo,Lenovo Y460,on US stock
Lenovo,Lenovo 60Wh L14M4P72,Inquire for availability
Asus,Asus B31N1424,on US stock
Asus,Asus C31N1815,on US stock
Asus,Asus 38Wh C21N1309,on US stock
Asus,Asus 38Wh C21N1518,on US stock
Asus,Asus N1706,on US stock
Asus,Asus N1837,on US stock
Asus,Asus N2311,on US stock
Asus,Asus 50Wh C21N1818,Inquire for availability
Asus,Asus 42Wh C31N1637,Inquire for availability
Asus,Asus 62Wh C41N2013,Inquire for availability
Acer,Acer AP20CBL,on US stock
Acer,Acer AP21A8T,on US stock
Acer,Acer 50.29Wh AP18C8K,Inquire for availability
Acer,Acer 58.75Wh AP18E7M,Inquire for availability
Apple,Mac A1713,on US stock
Apple,Mac A1819,on US stock
Apple,Mac A1820,on US stock
Apple,Mac A2171,on US stock
Panasonic,Panasonic 94WH FZ-G1,on US stock
Panasonic,Panasonic CF-20,on US stock
Panasonic,Panasonic CF-33,on US stock
Panasonic,Panasonic CF-54,on US stock
Panasonic,Panasonic FZ-55,on US stock
Panasonic,Panasonic FZ-VZSU94R,Inquire for availability
Panasonic,Panasonic FZ-VZSU95R,on US stock
Panasonic,Panasonic 87Wh CF-VZSU46,on US stock
Panasonic,Panasonic FZ-VZSU94U,Inquire for availability
Samsung,Samsung AA-PBAN2HE,on US stock
Charger,C-CF31,Inquire for availability
Charger,Charger-WB37,on US stock
Charger,RC-0248,on US stock
Charger,RC-0270,on US stock
Charger,RC-0287,on US stock
Charger,RC-0328,on US stock
Charger,RC-0370,on US stock
Charger,WB37,on US stock
Accessory,A01,on US stock
Accessory,A02,on US stock
Accessory,A04,on US stock
Accessory,A05,on US stock
Accessory,A9X,on US stock
Accessory,BT-000370,on US stock
Accessory,C01,on US stock
Accessory,LBV7227E,on US stock
Accessory,M492,on US stock
Accessory,M6K,on US stock
Accessory,SQU-1609,on US stock
Accessory,W650BAT,on US stock
